id,subtype,height,num_floors,hyderabad_building_greenery_index_mean,hyderabad_building_greenery_index_p90,urban_vulnerability_index,centroid_lon,centroid_lat
bldg_0001,residential,36.0,2,0.6206567287445068,0.7739288806915283,0.3523518922884127,78.37967477977526,17.424500791253426
bldg_0002,commercial,32.0,11,0.5486246943473816,0.660106360912323,0.4525195938270433,78.38313049616,17.354686977950415
bldg_0003,industrial,34.0,11,0.6505128145217896,0.8139482736587524,0.310834038263038,78.53932303365102,17.407021750815748
bldg_0004,retail,12.0,9,0.6041946411132812,0.7351839542388916,0.3752440609512653,78.49365403351706,17.471825698202515
bldg_0005,office,18.0,7,0.5604902505874634,0.7717692255973816,0.43601935881363685,78.53591972745014,17.365084355230294
bldg_0006,residential,16.0,14,0.49423396587371826,0.6100329756736755,0.5281553064904086,78.50197801399425,17.468251008732366
bldg_0007,commercial,28.0,4,0.5985550880432129,0.7207468748092651,0.38308641988867187,78.35954915060171,17.30584392491531
bldg_0008,industrial,51.0,4,0.6183791756629944,0.782801628112793,0.35551905616510626,78.3711398463929,17.43681090399795
bldg_0009,retail,14.0,7,0.6266918778419495,0.7559767365455627,0.34395941776519,78.39282995554377,17.45405581262107
bldg_0010,office,38.0,2,0.5398617386817932,0.6991899013519287,0.4647053544411006,78.40665533614997,17.307061270996243
bldg_0011,residential,36.0,11,0.559812068939209,0.7620558738708496,0.43696243778537325,78.37598129378543,17.35648802607118
bldg_0012,commercial,45.0,9,0.5649371147155762,0.6667397022247314,0.42983555236563487,78.46989098402307,17.44787764296421
bldg_0013,industrial,49.0,1,0.6005902886390686,0.7116788029670715,0.38025627122546746,78.37410759787268,17.319315690843247
bldg_0014,retail,47.0,2,0.5813620686531067,0.6195533275604248,0.40699502179378166,78.41774442169587,17.364370295757354
bldg_0015,office,27.0,5,0.5438482165336609,0.7334145903587341,0.45916176085807425,78.38194786436618,17.417651866761968
bldg_0016,residential,50.0,7,0.5491342544555664,0.7169638276100159,0.4518109998624297,78.41767207790903,17.32528428597754
bldg_0017,commercial,47.0,11,0.555070161819458,0.7433843612670898,0.44355653083120394,78.41869627701458,17.371458389533156
bldg_0018,industrial,45.0,8,0.5039811730384827,0.6419336795806885,0.514600846363231,78.47685230631788,17.440088936383177
bldg_0019,retail,50.0,8,0.6247996091842651,0.8322332501411438,0.3465908053654463,78.40790102250153,17.35994213116066
bldg_0020,office,30.0,10,0.5711135864257812,0.741041898727417,0.4212465547063613,78.52447807786088,17.480738563120443
bldg_0021,residential,35.0,7,0.6192792057991028,0.7787753343582153,0.3542674748262752,78.35967345329755,17.373318275890853
bldg_0022,commercial,36.0,14,0.541130781173706,0.7329113483428955,0.46294062475334885,78.47242402111404,17.48458992386305
bldg_0023,industrial,33.0,6,0.5359561443328857,0.7515930533409119,0.470136471475995,78.496759465233,17.309378889416124
bldg_0024,retail,53.0,4,0.6546407341957092,0.770086407661438,0.3050937557715979,78.5188756034709,17.482690252028817
bldg_0025,office,47.0,11,0.6499183177947998,0.7832083702087402,0.3116607450361175,78.39249086607954,17.365675726932224
bldg_0026,residential,36.0,10,0.4942927956581116,0.6198079586029053,0.5280734978293871,78.41330365026822,17.472901292893784
bldg_0027,commercial,48.0,6,0.6156887412071228,0.7965281009674072,0.35926037262021604,78.53665469682994,17.37238533612184
bldg_0028,industrial,53.0,2,0.5221817493438721,0.7093420028686523,0.4892911364480814,78.45701126628018,17.49468923840281
bldg_0029,retail,26.0,10,0.6663023829460144,0.7546140551567078,0.2888770743846908,78.54109851291264,17.487945089905907
bldg_0030,office,39.0,2,0.5210936665534973,0.6633452773094177,0.4908042236891649,78.53624784701212,17.38506539582517
bldg_0031,residential,52.0,7,0.6019910573959351,0.7582780122756958,0.3783083630768669,78.40995514795578,17.404716960574966
bldg_0032,commercial,47.0,14,0.6200389862060547,0.770066499710083,0.35321092467223025,78.4375805059531,17.360842785708808
bldg_0033,industrial,23.0,14,0.5768848061561584,0.7040724158287048,0.41322110019428726,78.42713310260726,17.402738801202357
bldg_0034,retail,39.0,10,0.5261945724487305,0.7171272039413452,0.48371090717288523,78.43065375913052,17.453573567822577
bldg_0035,office,54.0,6,0.5707784295082092,0.6817214488983154,0.42171262370425844,78.38416047569963,17.360661623451584
bldg_0036,residential,33.0,6,0.6440793871879578,0.7128443717956543,0.31978035825023876,78.45201242843287,17.356958081476673
bldg_0037,commercial,25.0,14,0.6220648288726807,0.8177616596221924,0.35039378913950237,78.40901386946742,17.386727936161854
bldg_0038,industrial,41.0,10,0.5524634122848511,0.6363575458526611,0.4471814750876568,78.41766017593572,17.332354941247665
bldg_0039,retail,39.0,13,0.6315910220146179,0.7772904634475708,0.3371466709728801,78.37188485222131,17.42064803069886
bldg_0040,office,52.0,5,0.5159904956817627,0.7253470420837402,0.497900689880337,78.42098440021664,17.386980176785983
bldg_0041,residential,22.0,12,0.6593791246414185,0.8130711913108826,0.29850455301046863,78.43636335178456,17.37455396797365
bldg_0042,commercial,46.0,13,0.5623705983161926,0.7403693199157715,0.4334045484496565,78.53630149690902,17.308161420481554
bldg_0043,industrial,15.0,4,0.5651348233222961,0.8566871285438538,0.4295606189019989,78.40110456222435,17.319433137583655
bldg_0044,retail,20.0,3,0.5621387958526611,0.7322324514389038,0.43372689280904153,78.42212503917177,17.47264643146942
bldg_0045,office,26.0,9,0.5713838338851929,0.7838587760925293,0.4208707487599864,78.42291109152296,17.434220314529746
bldg_0046,residential,47.0,9,0.556392252445221,0.7832083702087402,0.44171803244202434,78.39583395328243,17.361145626896555
bldg_0047,commercial,13.0,12,0.6703694462776184,0.8317819833755493,0.2832214186844393,78.3931430876999,17.416541393570288
bldg_0048,industrial,49.0,6,0.567290186882019,0.783659040927887,0.4265633716971333,78.36954117788864,17.432048204525145
bldg_0049,retail,17.0,5,0.6035444736480713,0.693112313747406,0.37614818341775325,78.47728741061671,17.410389944501432
bldg_0050,office,21.0,9,0.6349411606788635,0.7812267541885376,0.3324879702622616,78.37333179490622,17.383941640960554
bldg_0051,residential,54.0,3,0.49327149987220764,0.588225245475769,0.5294937111042348,78.47504882750988,17.486818437313964
bldg_0052,commercial,47.0,4,0.5834593176841736,0.7080100774765015,0.4040785886157612,78.52668607822807,17.314473134326715
bldg_0053,industrial,27.0,12,0.6178954243659973,0.788676381111145,0.3561917604131827,78.51883016120621,17.306839506383326
bldg_0054,retail,33.0,7,0.6133769750595093,0.7680552005767822,0.36247511316502146,78.46468478928469,17.40861290199951
bldg_0055,office,17.0,8,0.6220648288726807,0.8177616596221924,0.35039378913950237,78.4098821655519,17.387004012494153
bldg_0056,residential,12.0,3,0.6386840343475342,0.7653767466545105,0.3272831325025334,78.37404273198865,17.36041528090033
bldg_0057,commercial,25.0,8,0.5607450008392334,0.7182502746582031,0.43566510327442065,78.53972575275323,17.490587978588486
bldg_0058,industrial,41.0,11,0.5590338110923767,0.7400425672531128,0.4380446826556459,78.4803137315705,17.472811311506728
bldg_0059,retail,52.0,1,0.6217767596244812,0.7775713205337524,0.35079437805410973,78.4500290400411,17.39568711877247
bldg_0060,office,34.0,8,0.5796129703521729,0.757603108882904,0.40942731678636435,78.4670033325699,17.488896999214333
bldg_0061,residential,42.0,2,0.6492782831192017,0.8164228200912476,0.312550776851771,78.43501941179701,17.3202552936097
bldg_0062,commercial,19.0,11,0.5872348546981812,0.7726666927337646,0.398828329228637,78.47791611977935,17.38368673237735
bldg_0063,industrial,53.0,1,0.6343934535980225,0.7737897038459778,0.33324961138295817,78.39570874148026,17.32568924876789
bldg_0064,retail,36.0,4,0.601276695728302,0.7062082886695862,0.37930175396070065,78.39044399531441,17.32308990727835
bldg_0065,office,15.0,12,0.5282437801361084,0.7735886573791504,0.48086128025705654,78.46908638679282,17.38604678212938
bldg_0066,residential,44.0,11,0.5580291152000427,0.7219151854515076,0.4394418121289795,78.50368799010361,17.3335785859962
bldg_0067,commercial,10.0,2,0.5894948840141296,0.7581748366355896,0.39568553388926886,78.50903304092576,17.449349672164075
bldg_0068,industrial,37.0,2,0.5509406328201294,0.743478000164032,0.4492990512495413,78.4823076307049,17.466371516416434
bldg_0069,retail,49.0,14,0.5385867357254028,0.6860493421554565,0.46647837274699044,78.41324606570045,17.364620190395353
bldg_0070,office,8.0,2,0.613850474357605,0.777472734451294,0.36181666534014245,78.4339356986445,17.322424437736434
bldg_0071,residential,23.0,10,0.5972573757171631,0.7125391960144043,0.38489101782966717,78.47906376910807,17.409238012126906
bldg_0072,commercial,40.0,14,0.5505747199058533,0.7414280772209167,0.4498078895170303,78.5151952526694,17.401123499682033
bldg_0073,industrial,10.0,2,0.514523983001709,0.7003805637359619,0.49994002148699923,78.4973793078666,17.473509451674364
bldg_0074,retail,25.0,7,0.4905485510826111,0.7918508648872375,0.533280241971287,78.50513260267836,17.436952646390058
bldg_0075,office,41.0,1,0.6425050497055054,0.8131840229034424,0.32196963095901654,78.41261383206528,17.311387119322386
bldg_0076,residential,29.0,4,0.5612027645111084,0.6776790022850037,0.4350285374014258,78.4483730120783,17.444065769644794
bldg_0077,commercial,48.0,4,0.6118836998939514,0.7231253385543823,0.3645516606671231,78.5048141116487,17.37767187045287
bldg_0078,industrial,52.0,8,0.5730888843536377,0.7062747478485107,0.41849970665544334,78.38062550094007,17.447980052849488
bldg_0079,retail,43.0,3,0.630585789680481,0.8044664859771729,0.33854454642184606,78.50533775053127,17.375344249554384
bldg_0080,office,23.0,8,0.6448208093643188,0.7357082962989807,0.3187493370400586,78.45451115272641,17.41016692462867
